input_file,input_size_bytes,V,E,num_tasks,split_s,j1_map_s,j1_reduce_s,j2_map_s,j2_reduce_s,j3_map_s,j3_reduce_s,j4_map_s,j4_reduce_s,final_sum_s,total_s,triangles,expected,correct
sample.txt,24,4,5,1,.005969,.020425,.017466,.021897,.017444,.021104,.017725,.029263,.018427,.013933,.231125,2,2,yes
tri_small.txt,38951,1000,5000,1,.005673,.027341,.032204,.028260,.040196,.025962,.035606,.090456,.024710,.019420,.376450,175,175,yes
tri_medium.txt,977820,10000,100000,1,.007860,.145971,.347297,.170179,.290548,.089115,.647688,2.559440,.249051,.015347,4.569601,1341,1341,yes
tri_large.txt,11779374,100000,1000000,1,.025731,1.321507,3.689130,1.544823,2.876791,.834868,6.055143,25.453205,3.259184,.014500,45.127595,1358,1358,yes
tri_powerlaw.txt,5777306,50000,500000,1,.014394,.636291,1.830698,.760052,1.468202,.374715,3.026714,11.997283,1.245758,.014251,21.416652,2198,2198,yes
sample.txt,24,4,5,2,.005856,.037024,.021356,.028426,.021195,.027614,.019944,.048565,.025198,.013658,.292057,2,2,yes
tri_small.txt,38951,1000,5000,2,.005581,.043005,.037251,.047706,.044295,.039836,.028952,.079807,.026149,.015678,.419024,175,175,yes
tri_medium.txt,977820,10000,100000,2,.007785,.151694,.227605,.167587,.165081,.124089,.319984,1.178163,.162425,.017118,2.574231,1341,1341,yes
tri_large.txt,11779374,100000,1000000,2,.022686,1.121774,1.908657,1.311529,1.377336,.615757,3.261777,11.912950,1.513950,.014807,23.111021,1358,1358,yes
tri_powerlaw.txt,5777306,50000,500000,2,.013544,.624196,.989505,.767789,.800410,.332675,1.513274,5.600795,.698965,.014779,11.404644,2198,2198,yes
sample.txt,24,4,5,4,.005560,.061732,.038096,.061764,.039666,.062759,.048667,.089509,.039123,.012983,.506913,2,2,yes
tri_small.txt,38951,1000,5000,4,.006115,.075380,.065411,.088936,.055305,.059580,.049923,.107186,.041805,.014045,.613606,175,175,yes
tri_medium.txt,977820,10000,100000,4,.007241,.186346,.208966,.165610,.188389,.117772,.335995,1.062662,.186993,.014284,2.522861,1341,1341,yes
tri_large.txt,11779374,100000,1000000,4,.021820,.921472,1.823719,1.053061,1.513274,.613241,3.276403,9.852234,1.495726,.014803,20.633331,1358,1358,yes
tri_powerlaw.txt,5777306,50000,500000,4,.013624,.508851,.948117,.701632,.882304,.334979,1.696038,4.781907,.715751,.016377,10.648982,2198,2198,yes
